<?xml version="1.0" encoding="UTF-8"?>
<MissionPackageManifest version="2">
   <Configuration>
      <Parameter name="uid" value="e7424bb3-28dd-40e5-8823-44780bab912f"/>
      <Parameter name="name" value="NHC_MILTON_KML_LINKS"/>
   </Configuration>
   <Contents>
      <Content ignore="false" zipEntry="95f25d1e7270692ae533a1f41a7c8bc8/MILTON_WIND_ARRIVAL.zip"/>
      <Content ignore="false" zipEntry="d8b9c29db518ffa6a66f175bd5311b06/MILTON_WARNINGS.zip"/>
      <Content ignore="false" zipEntry="7dc40e0185525068fce468c68ed7ab6b/MILTON_FORECAST_TRACK.zip"/>
      <Content ignore="false" zipEntry="b104c642a142710b5dc9459b8d8c2e57/MILTON_STORM_SURGE.zip"/>
      <Content ignore="false" zipEntry="68ea8301b263a76a53518d1f0d1a20d1/MILTON_CONE.zip"/>
      <Content ignore="false" zipEntry="adf80d964b280357b1f26ce8d11b13ba/MILTON_CURRENT_TRACK.zip"/>
   </Contents>
</MissionPackageManifest>