<?xml version="1.0" encoding="UTF-8"?>
<MissionPackageManifest version="2">
   <Configuration>
      <Parameter name="uid" value="01edf25e-5260-4bc5-9e93-8f441752d7d1"/>
      <Parameter name="name" value="FL_Hospitals"/>
   </Configuration>
   <Contents>
      <Content ignore="false" zipEntry="2032ad21851736d11a377b6778e67374/doc.kml">
         <Parameter name="name" value="doc.kml"/>
         <Parameter name="contentType" value="KML"/>
         <Parameter name="visible" value="true"/>
      </Content>
   </Contents>
</MissionPackageManifest>