<?xml version="1.0" encoding="UTF-8"?>
<MissionPackageManifest version="2">
   <Configuration>
      <Parameter name="uid" value="832adfa3-8768-4ac1-9a51-0850e5190d5e"/>
      <Parameter name="name" value="DP_FL-EMS-Locations_20241008"/>
   </Configuration>
   <Contents>
      <Content ignore="false" zipEntry="4649b4ceaa7631e16426bbeabb3adc67/ambulance_point.geojson">
         <Parameter name="name" value="ambulance_point.geojson"/>
         <Parameter name="contentType" value="GeoJSON"/>
         <Parameter name="visible" value="true"/>
      </Content>
      <Content ignore="false" zipEntry="9258ddb17742519342e127b7cd6fe3ff/police_point.geojson">
         <Parameter name="name" value="police_point.geojson"/>
         <Parameter name="contentType" value="GeoJSON"/>
         <Parameter name="visible" value="true"/>
      </Content>
      <Content ignore="false" zipEntry="d48ce27ff4ed659f4ea558c3995d481b/fire_point.geojson">
         <Parameter name="name" value="fire_point.geojson"/>
         <Parameter name="contentType" value="GeoJSON"/>
         <Parameter name="visible" value="true"/>
      </Content>
   </Contents>
</MissionPackageManifest>